{"count":1,"self":605.1881472,"total":2870.8319653999997,"children":{"InitializeActuators":{"count":11,"self":0.000997,"total":0.000997,"children":null},"InitializeSensors":{"count":11,"self":0.002993,"total":0.002993,"children":null},"AgentSendState":{"count":827851,"self":240.1679872,"total":709.4847057,"children":{"CollectObservations":{"count":1821424,"self":1.705658,"total":1.705658,"children":null},"WriteActionMask":{"count":1821424,"self":1.6742525,"total":1.6742525,"children":null},"RequestDecision":{"count":1821424,"self":6.5368467999999993,"total":465.9368004,"children":{"AgentInfo.ToProto":{"count":1821424,"self":8.1287792,"total":459.39995369999997,"children":{"GenerateSensorData":{"count":1821424,"self":441.123072,"total":451.27117469999996,"children":{"RayPerceptionSensor.Perceive":{"count":1821424,"self":10.1480952,"total":10.1480949,"children":null}}}}}}}}},"DecideAction":{"count":827851,"self":1548.3326464,"total":1548.3326456999998,"children":null},"AgentAct":{"count":827851,"self":6.7524391999999995,"total":7.1033257,"children":{"AgentInfo.ToProto":{"count":925,"self":0.0079788999999999988,"total":0.3508866,"children":{"GenerateSensorData":{"count":925,"self":0.33695739999999996,"total":0.3429077,"children":{"RayPerceptionSensor.Perceive":{"count":925,"self":0.0059502999999999995,"total":0.0059502999999999995,"children":null}}}}}}},"AgentInfo.ToProto":{"count":1983,"self":0.0294147,"total":0.7181803,"children":{"GenerateSensorData":{"count":1983,"self":0.6658985,"total":0.6887656,"children":{"RayPerceptionSensor.Perceive":{"count":1983,"self":0.022867099999999998,"total":0.022867099999999998,"children":null}}}}}},"gauges":{"Car_Training.CumulativeReward":{"count":2908,"max":24.3867531,"min":-5.773451,"runningAverage":3.11190414,"value":6.545742,"weightedAverage":5.04346}},"metadata":{"timer_format_version":"0.1.0","start_time_seconds":"1653931123","unity_version":"2020.3.13f1","command_line_arguments":"D:\\Program Files\\Unity\\Unity\\2020.3.13f1\\Editor\\Unity.exe -projectpath D:\\ProgrammingStuff\\UnityProjects\\Jahresarbeit-MachineLearning -useHub -hubIPC -cloudEnvironment production -licensingIpc LicenseClient-Ben Kathöfer -hubSessionId 41664640-e02b-11ec-af24-21e4f59064b4 -accessToken Q9R5pC2qdrUsra1Pix1ppUDJjVdTCREUx6BuVhetJQk008f","communication_protocol_version":"1.5.0","com.unity.ml-agents_version":"2.0.1","scene_name":"SampleScene","end_time_seconds":"1653933994"}}