{
    "name": "root",
    "metadata": {
        "timer_format_version": "0.1.0",
        "start_time_seconds": "1653769348",
        "python_version": "3.9.9 (tags/v3.9.9:ccb0e6a, Nov 15 2021, 18:08:50) [MSC v.1929 64 bit (AMD64)]",
        "command_line_arguments": "D:\\ProgrammingStuff\\UnityProjects\\Jahresarbeit-MachineLearning\\venv\\Scripts\\mlagents-learn --force",
        "mlagents_version": "0.28.0",
        "mlagents_envs_version": "0.28.0",
        "communication_protocol_version": "1.5.0",
        "pytorch_version": "1.7.1+cu110",
        "numpy_version": "1.22.3",
        "end_time_seconds": "1653769371"
    },
    "total": 23.4568427,
    "count": 1,
    "self": 0.005157199999999307,
    "children": {
        "run_training.setup": {
            "total": 0.12194110000000014,
            "count": 1,
            "self": 0.12194110000000014
        },
        "TrainerController.start_learning": {
            "total": 23.3297444,
            "count": 1,
            "self": 0.010818199999945932,
            "children": {
                "TrainerController._reset_env": {
                    "total": 6.3397509,
                    "count": 1,
                    "self": 6.3397509
                },
                "TrainerController.advance": {
                    "total": 16.899655600000052,
                    "count": 577,
                    "self": 0.009653600000042672,
                    "children": {
                        "env_step": {
                            "total": 16.371507599999987,
                            "count": 577,
                            "self": 15.123535699999966,
                            "children": {
                                "SubprocessEnvManager._take_step": {
                                    "total": 1.2415823000000028,
                                    "count": 577,
                                    "self": 0.03409280000003445,
                                    "children": {
                                        "TorchPolicy.evaluate": {
                                            "total": 1.2074894999999684,
                                            "count": 577,
                                            "self": 0.4647189999999668,
                                            "children": {
                                                "TorchPolicy.sample_actions": {
                                                    "total": 0.7427705000000016,
                                                    "count": 577,
                                                    "self": 0.7427705000000016
                                                }
                                            }
                                        }
                                    }
                                },
                                "workers": {
                                    "total": 0.006389600000018092,
                                    "count": 576,
                                    "self": 0.0,
                                    "children": {
                                        "worker_root": {
                                            "total": 13.747865700000018,
                                            "count": 576,
                                            "is_parallel": true,
                                            "self": 3.6246873999999867,
                                            "children": {
                                                "steps_from_proto": {
                                                    "total": 0.0006269000000003189,
                                                    "count": 1,
                                                    "is_parallel": true,
                                                    "self": 0.00014299999999956015,
                                                    "children": {
                                                        "_process_rank_one_or_two_observation": {
                                                            "total": 0.0004839000000007587,
                                                            "count": 4,
                                                            "is_parallel": true,
                                                            "self": 0.0004839000000007587
                                                        }
                                                    }
                                                },
                                                "UnityEnvironment.step": {
                                                    "total": 10.122551400000031,
                                                    "count": 576,
                                                    "is_parallel": true,
                                                    "self": 0.09874379999999938,
                                                    "children": {
                                                        "UnityEnvironment._generate_step_input": {
                                                            "total": 0.09584970000000492,
                                                            "count": 576,
                                                            "is_parallel": true,
                                                            "self": 0.09584970000000492
                                                        },
                                                        "communicator.exchange": {
                                                            "total": 9.650887599999994,
                                                            "count": 576,
                                                            "is_parallel": true,
                                                            "self": 9.650887599999994
                                                        },
                                                        "steps_from_proto": {
                                                            "total": 0.2770703000000321,
                                                            "count": 576,
                                                            "is_parallel": true,
                                                            "self": 0.071222400000031,
                                                            "children": {
                                                                "_process_rank_one_or_two_observation": {
                                                                    "total": 0.20584790000000108,
                                                                    "count": 2304,
                                                                    "is_parallel": true,
                                                                    "self": 0.20584790000000108
                                                                }
                                                            }
                                                        }
                                                    }
                                                }
                                            }
                                        }
                                    }
                                }
                            }
                        },
                        "trainer_advance": {
                            "total": 0.5184944000000247,
                            "count": 576,
                            "self": 0.010832400000019504,
                            "children": {
                                "process_trajectory": {
                                    "total": 0.5076620000000052,
                                    "count": 576,
                                    "self": 0.5076620000000052
                                }
                            }
                        }
                    }
                },